Noll Woodroof,nwoodroof0@comsenz.com,eId4ZuZBCiI7
Amandie Lewin,alewin1@smugmug.com,F5wHldSVPSGV
Wrennie Pilkington,wpilkington2@wikimedia.org,CM9uvk9ak4j3
Tarah McNeilly,tmcneilly3@icio.us,yUESHzNgV3E5
Candace Boorer,cboorer4@vk.com,Ydq5jPwGmZov
Frans Kobera,fkobera5@miibeian.gov.cn,AF93QUdeQxph
Devondra Planks,dplanks6@ca.gov,eEYuGHRitoaJ
Billie Yuill,byuill7@nhs.uk,aHeYco8y8CnE
Sisely Ewins,sewins8@themeforest.net,X5H4WZjP0sUg
Rozele Prest,rprest9@networkadvertising.org,lereIHOAL5r6
Willamina Simone,wsimonea@last.fm,jLDi0DIRt8qp
Annis Cuxon,acuxonb@weather.com,pYHhRbm7sJuU
Wilt Gilleson,wgillesonc@nasa.gov,ak70lwkTrXJ3
Kenna Yuryichev,kyuryichevd@buzzfeed.com,KIHNa1JIra2Y
Hervey Wardley,hwardleye@utexas.edu,nQOOCi757xGV
Anallise Carme,acarmef@youku.com,grqcm4YgmaAZ
Hughie Braun,hbraung@hugedomains.com,olukYCK3U9HX
Alwin Dudden,aduddenh@edublogs.org,wJ4PyHtUoT6z
Millie Pyson,mpysoni@goo.gl,WnZVZRnc1Mla
Tabina Lording,tlordingj@theguardian.com,pjg3a31VpSRB
Bernie Beccles,bbecclesk@cloudflare.com,8C2l0gFyS27T
Marieann Davidovic,mdavidovicl@virginia.edu,YDyrRFOVP7Nr
Shina Sowten,ssowtenm@ihg.com,uX0spqqpkKK3
Marinna Quipp,mquippn@virginia.edu,8TW1g82hlQuw
Kelsi Nussgen,knussgeno@usda.gov,1OxTYcvbxr0u
Ameline Volkes,avolkesp@360.cn,FQ7ukV7DoPv4
Marsiella Feake,mfeakeq@eepurl.com,IEJSU0jRcXWT
Rees Johananov,rjohananovr@hp.com,HNJofuvgmEHb
Roarke Blacker,rblackers@w3.org,rl3mJuL9X4zZ
Vilma Milnthorpe,vmilnthorpet@dagondesign.com,9Mzh3NxshGxJ
Barbee Isaacson,bisaacsonu@taobao.com,a2yjC7ujg93J
Salaidh McQuorkel,smcquorkelv@ifeng.com,15JN1y6o6mau
Stinky Guillot,sguillotw@so-net.ne.jp,MtW8vBxX1542
Obediah Rudloff,orudloffx@examiner.com,LutmXZLIqq1c
Marilee Markus,mmarkusy@ehow.com,JaI3NpiiOPEu
Nial Salvadore,nsalvadorez@goodreads.com,MnsfepqPHEUa
Reggy Messum,rmessum10@foxnews.com,JxmpzO22suzU
Merrick Webbe,mwebbe11@histats.com,AkbUDKR12XVi
Dame Cettell,dcettell12@naver.com,wEK0O3iSGh9u
Boote D'Ambrosio,bdambrosio13@g.co,M3Nw3kZr0sUV
Billi Risebrow,brisebrow14@ebay.co.uk,K0XdMGQjA8E9
Claude Gorke,cgorke15@php.net,y4X8G03fgV0g
Hendrik Beasant,hbeasant16@ed.gov,RCEdn3iwvS53
Stefan Rutigliano,srutigliano17@state.tx.us,5STNy26gLsaX
Rachele Gerriessen,rgerriessen18@hc360.com,HdNyU1DgFMTZ
Lefty Gaggen,lgaggen19@blog.com,hUrvI17W77yX
Karlotte Halpine,khalpine1a@ihg.com,wqHyB2jlR3WD
Rochell Stooke,rstooke1b@newyorker.com,rioxL1JNj9uT
Riordan Hazelby,rhazelby1c@tinypic.com,nmKCR4a5D5K0
Julita Paulino,jpaulino1d@squidoo.com,vuvhJslFGVZb
Henrik Harford,hharford1e@zdnet.com,EmmIBm7IPBq1
Darn Scawen,dscawen1f@si.edu,BqM9zzyQxAvH
See Galler,sgaller1g@cmu.edu,wMuQbMKSkP5M
Concettina Jozwiak,cjozwiak1h@pagesperso-orange.fr,jqnu1d06RNUs
Arny Stemson,astemson1i@eepurl.com,9vbOyMGvzCJO
Conant Landon,clandon1j@bbb.org,xCjvUdSiP3TF
Marga Cogin,mcogin1k@examiner.com,dFmaPC5ntt0u
Jarid Calwell,jcalwell1l@yellowbook.com,QcngUt2MABkj
Ashton Sorsbie,asorsbie1m@ibm.com,6zeSbwDoT1Lh
Buck Passion,bpassion1n@sogou.com,ncZS9Q0UUvJy
Dorotea Giannasi,dgiannasi1o@va.gov,CKkJvzuNqK2z
Ripley Colomb,rcolomb1p@technorati.com,pjqRI9MJm6aj
Rory Brew,rbrew1q@newsvine.com,qAo99kOOJCy1
Dionis Lindwall,dlindwall1r@lulu.com,C3UZllHOdLQB
Delcine Carabine,dcarabine1s@ifeng.com,KgfrMEbt4qDU
Hazel Vedyashkin,hvedyashkin1t@globo.com,aBoCPT5rgWHd
Josie Bertolaccini,jbertolaccini1u@amazon.com,HWSXe7bq28w5
My Figgins,mfiggins1v@cdc.gov,oHGHHPNcujXv
Charisse Bransdon,cbransdon1w@addthis.com,mgXZVhiebTFO
Corabella Ciardo,cciardo1x@loc.gov,sAXF1CHtG5mm
Mallorie Wainwright,mwainwright1y@xing.com,Bv8bohRQ2sK6
Westbrooke Sussans,wsussans1z@twitpic.com,6jeUJ5dsWZxR
Rufe Venny,rvenny20@engadget.com,l6sTH9338DJa
Katerine Penhallurick,kpenhallurick21@theglobeandmail.com,ijokZhmvtLz5
Chrissie Eagling,ceagling22@bluehost.com,6z8RfcoxXuMM
Dunc Troni,dtroni23@apache.org,92ArgeYw9sYJ
Ilse Parkhouse,iparkhouse24@samsung.com,YDT2rVVeGwRQ
Drusi Grass,dgrass25@vimeo.com,XW99Z0LbCN2Y
Dorree Gabbatiss,dgabbatiss26@about.com,1NuSAlSWWZxF
Sigismondo Divisek,sdivisek27@plala.or.jp,WYZmGVfAJxPG
Kassie Crocetti,kcrocetti28@wikimedia.org,BbMk02EHH7jc
Saleem Hassall,shassall29@jiathis.com,KBg1u0BP0Hdc
Casar Gullis,cgullis2a@craigslist.org,18N2mC0ExD82
Carce Cowlishaw,ccowlishaw2b@kickstarter.com,mzTlA0H43Kgp
Wain Thomasen,wthomasen2c@nydailynews.com,Pc1EAoVULkJq
Garfield Gladdor,ggladdor2d@businessinsider.com,U4Q3enj0eelW
Salaidh Ruselin,sruselin2e@newyorker.com,rPjeHS6RjJqC
Gallagher Aykroyd,gaykroyd2f@narod.ru,DbXRRNb1PqaK
Alissa Aslum,aaslum2g@taobao.com,i0Wnr5PmbytP
Dominik Szymon,dszymon2h@e-recht24.de,IKWfYnI7B2My
Wainwright Edgeson,wedgeson2i@gizmodo.com,Kxvqv1mrgFlC
Thomasa Haines,thaines2j@smugmug.com,7aY2mfjerNdd
Melisent Oluwatoyin,moluwatoyin2k@bigcartel.com,LVNJdLxDwQzZ
Fancie Treadger,ftreadger2l@plala.or.jp,2EGhEN1MYe0V
Carmela Boal,cboal2m@weibo.com,sokVRMcCMCmi
Angus Stogill,astogill2n@hp.com,sGaQqln3DsTk
Eden Charpling,echarpling2o@ebay.com,7xNcNho3wAtK
Roddie Pheazey,rpheazey2p@craigslist.org,FH5HOnbyzRWC
Madelin Asp,masp2q@mac.com,QaKHTWRmSiXm
Blondell Curzon,bcurzon2r@cmu.edu,008fTJ23VX6U
Goldina Radband,gradband2s@sohu.com,LgTkD1XThOEH
Raddy Bantham,rbantham2t@jigsy.com,ODgfT3rp0uUc
Kathlin O'Bradane,kobradane2u@blog.com,x3JvOqtqVb3g
Roth MacRorie,rmacrorie2v@hexun.com,ekyXuivhhqOu
Rozelle Valerio,rvalerio2w@uiuc.edu,3W4mf75FawNq
Maryanne d'Arcy,mdarcy2x@w3.org,PgWgUdkXBafz
Laverne Blucher,lblucher2y@odnoklassniki.ru,qOKsKeu0cgT3
Sharon Lorenzetto,slorenzetto2z@miibeian.gov.cn,P5NSoUsZZWJY
Aguie Oxterby,aoxterby30@free.fr,X5rBklk5onBs
Micheline Swinnerton,mswinnerton31@mac.com,sfCzcDyuWmcc
Almeta Whittenbury,awhittenbury32@vistaprint.com,mZAhqe4SYfMo
Bevan Bartelot,bbartelot33@slate.com,D7NWdQ9HKxr5
Verene Boutellier,vboutellier34@psu.edu,T4y9LseSRkjE
Amery Lammerts,alammerts35@bandcamp.com,XzJ6vscs52xb
Smith Fuster,sfuster36@lulu.com,KqqGcbB0FLeM
Corenda Cashford,ccashford37@yelp.com,sVowCsRM9onw
Addi Pullinger,apullinger38@php.net,cF1MSpGrIVA1
Joelle Hathorn,jhathorn39@tuttocitta.it,Z0N9pu4qr9o6
Alfonse Muzzullo,amuzzullo3a@paypal.com,JRsRZMxlkekE
Rikki Parkyn,rparkyn3b@mediafire.com,lpiH6wbusLOg
Andie Solomon,asolomon3c@vimeo.com,TWsQmPr2AWcU
Cobbie Lauxmann,clauxmann3d@digg.com,Ev0exS4vmkjs
Rickie Cattlemull,rcattlemull3e@jugem.jp,bUL3jYHeC3MD
Mallissa Lints,mlints3f@usa.gov,r5YLZPtIFrmW
Reta Lightning,rlightning3g@unesco.org,z5gurGgrb2jF
Patience Lindenberg,plindenberg3h@examiner.com,7ijFNbaNCdUp
Hank Illston,hillston3i@nifty.com,jsEtpiBGfuIi
Guinevere Bankhurst,gbankhurst3j@nba.com,w4sUaQCRwjAs
Free Micco,fmicco3k@house.gov,MiZDtmeqBgLe
Perice Le Friec,ple3l@parallels.com,V77MzY57TRZV
Jennica Fone,jfone3m@goodreads.com,5R1izt6OAOm8
Matteo Thurlow,mthurlow3n@acquirethisname.com,yVPsHGb3ZnlT
Janet Heningam,jheningam3o@youtu.be,aO15I6lYuBvI
Basilius Thorius,bthorius3p@narod.ru,fYIhZaxAnnIP
Shurlock Collecott,scollecott3q@typepad.com,Wdb857WA1aeK
Ingrid Whyley,iwhyley3r@hatena.ne.jp,Fg8q7lhLTqL3
Lorine Swaisland,lswaisland3s@github.com,KxRUx1HpG2oU
Maure Calow,mcalow3t@yahoo.com,qofPDGZGAvY7
Hayden Izzard,hizzard3u@home.pl,6sD9WjtBUEOi
Sherlock Causer,scauser3v@yelp.com,5IA69ay5BoMj
Andrea Burtwell,aburtwell3w@pinterest.com,7pkCHOTHOOTM
Ricardo Chicco,rchicco3x@ifeng.com,0WyvBLsKQgeL
Marcelline Stickels,mstickels3y@tiny.cc,4Cn0NC6Enf1U
Evangelin Lissandrini,elissandrini3z@dion.ne.jp,stsmSavT6ek5
Issi Pestell,ipestell40@php.net,KFqiYuNfVAp6
Kaitlyn Wartonby,kwartonby41@nbcnews.com,EUrQ0VEpjVze
Danica O'Daly,dodaly42@shop-pro.jp,bvJbfFb1AxGj
Sheila-kathryn Londesborough,slondesborough43@nymag.com,8gXdTZVLqBWg
Gearalt Milsted,gmilsted44@sbwire.com,xwWaD3VhOqb9
Rhodia Edlestone,redlestone45@mozilla.org,SEDzHM7yDGrF
Deedee Berzin,dberzin46@nymag.com,kNBEaSiOd4C2
Lanette Seamans,lseamans47@linkedin.com,EZB4LeTPWzSq
Andy McCahill,amccahill48@yahoo.co.jp,ViVfjOEZ8lwQ
Yetty Gippes,ygippes49@netlog.com,krEs9iT5RouJ
Alexander Wait,await4a@gizmodo.com,EZ80LOYuRwpx
Katrinka Howgego,khowgego4b@ca.gov,4qf83qoP1Hk5
Culley Sollon,csollon4c@quantcast.com,GOSUXjUj3lBs
Lynne Carnegie,lcarnegie4d@globo.com,wezewfVKeWgf
Ave Wagnerin,awagnerin4e@java.com,nsotp2EI0Cv4
Baldwin Brideoke,bbrideoke4f@com.com,0Z61phJHL7S0
Bobbie Alejo,balejo4g@rakuten.co.jp,fk1EDoqAaaBP
Karine Click,kclick4h@google.com.br,tvifKPGHmhwv
Pierrette Roarty,proarty4i@nasa.gov,nqQzQ7FGae3P
Hillery Marney,hmarney4j@weather.com,ibp6BDif7FKo
Dalston Punyer,dpunyer4k@naver.com,W4ueYYPRPPfp
Berri Creser,bcreser4l@tmall.com,47DnqhDcpht2
Cacilie Hartly,chartly4m@deviantart.com,uOjqfeO7n7R5
Salem Stebles,sstebles4n@blogs.com,yMzBdXW1uxnC
Adele Hourigan,ahourigan4o@ifeng.com,6AQl81fBtJNx
Darelle Duddin,dduddin4p@si.edu,H7FYAxPXGp2V
Cybill Petz,cpetz4q@zdnet.com,3mD1jGTgiMdD
Saree Blanckley,sblanckley4r@howstuffworks.com,Uy7OX2JMFsqV
Ernestine Herreran,eherreran4s@github.io,hTuj0iEXMcJ1
Sayer Patel,spatel4t@china.com.cn,KPkR4zn2R694
Hermione Osment,hosment4u@reddit.com,VbXc5EJlYfoP
Iris Paniman,ipaniman4v@cnet.com,4xSgBo8x8hgO
Breanne Devita,bdevita4w@salon.com,DbwuzF1XnAz2
Bettye Jacobowicz,bjacobowicz4x@cloudflare.com,4dVaQVWkqoWV
Aldric Keary,akeary4y@cafepress.com,7dtEoWXYNrJT
Adela Linton,alinton4z@shop-pro.jp,1mjrELwr9w30
Zorine Laste,zlaste50@ca.gov,opbQfK9wUBTe
Linoel Itzchaky,litzchaky51@aol.com,ZwVKkeC2fuXI
Libby Saltrese,lsaltrese52@issuu.com,2X3WFCxY2Rof
Inez Micka,imicka53@yellowbook.com,0BdAcDVL7GOR
Stanfield Pittock,spittock54@theatlantic.com,jg1nDypCMfyb
Cory Merrisson,cmerrisson55@nifty.com,et2dNzQ9aAQm
Ginevra Stolze,gstolze56@sitemeter.com,hHdkmUywpksx
Basil Wealleans,bwealleans57@infoseek.co.jp,VcYnluJdhEgS
Anna-diana Jobes,ajobes58@nifty.com,quWfG4GkhrnY
Edythe Midghall,emidghall59@walmart.com,E1t0G5rTMchG
Olva Jancic,ojancic5a@home.pl,y2QomJJEfdaP
Rustie Durston,rdurston5b@adobe.com,OVUkkAaaEJwg
Lorne Setterington,lsetterington5c@macromedia.com,a93hqPbfPGHu
Fara Winley,fwinley5d@aol.com,8MhAxobFiws0
Penny Mathiassen,pmathiassen5e@apple.com,MizkUtMbPLcs
Carley Golagley,cgolagley5f@addtoany.com,B1wNP871UMd1
Wolfy Hove,whove5g@list-manage.com,qfwhJpacgnWk
Letisha Ivanyutin,livanyutin5h@addthis.com,Xh6CQvyFSwE7
Joni Lauks,jlauks5i@yellowbook.com,HystpkDgdBpv
Olwen Ilyunin,oilyunin5j@wisc.edu,Xmw2OniPrIUw
